<?xml version="1.0"?>
<!DOCTYPE hibernate-mapping PUBLIC "-//Hibernate/Hibernate Mapping DTD 3.0//EN"
"http://hibernate.org/dtd/hibernate-mapping-3.0.dtd">

<hibernate-mapping>
	<class name="com.capgemini.demo2.Employee" table="T_EMPLOYEE">
        <id name="id" type="integer">
            <column name="ID" />
            <generator class="assigned" />
        </id>
        <property name="name" type="string">
            <column name="NAME" />
        </property>
        <property name="age" type="integer">
            <column name="AGE" />
        </property>
        <property name="salary" type="integer">
            <column name="SALARY" />
        </property>
    </class>
</hibernate-mapping>