<?xml version="1.0" encoding="UTF-8"?>
<!DOCTYPE hibernate-configuration PUBLIC
		"-//Hibernate/Hibernate Configuration DTD 3.0//EN"
		"http://hibernate.org/dtd/hibernate-configuration-3.0.dtd">
<hibernate-configuration>
	<session-factory>
		 <property name="hibernate.connection.url">jdbc:hsqldb:file:./myfile </property>
         <property name="hibernate.connection.driver_class">org.hsqldb.jdbcDriver </property>
         <property name="hibernate.connection.username">sa</property>
         <property name="hibernate.connection.password"> </property>
         <property name="hibernate.dialect">org.hibernate.dialect.HSQLDialect </property>
		<property name="hibernate.connection.pool_size">1</property>
		
		<!-- org.hibernate.HibernateException: No CurrentSessionContext configured! -->
		<property name="hibernate.current_session_context_class">thread</property>
		
		<!-- Outputs the SQL queries, should be disabled in Production -->
		<property name="hibernate.show_sql">true</property>
				
        <property name="hibernate.hbm2ddl.auto">create-drop</property> 
              
		<!-- mapping file, we can use Bean annotations too --> 
		<mapping resource="employee.hbm.xml" />
	</session-factory>
</hibernate-configuration>

